date_value,country,total_cases,total_deaths,new_cases,new_deaths,id_pandemic,year,month,day,day_of_week,is_weekend,quarter,mortality_rate,cases_growth_rate_7d,deaths_growth_rate_7d,new_cases_ma7,new_deaths_ma7,total_cases_normalized,total_deaths_normalized,new_cases_normalized,new_deaths_normalized,mortality_rate_normalized,cases_growth_rate_7d_normalized,deaths_growth_rate_7d_normalized,new_cases_ma7_normalized,new_deaths_ma7_normalized
2020-01-31,Russia,2,0,2,0,1,2020,1,31,4,0,1,0.0,,,2.0,0.0,2.3308621532784276e-07,0.0,2.5888292019933984e-05,0.0,0.0,,,2.9710177221207126e-05,0.0
2020-02-01,Russia,2,0,0,0,1,2020,2,1,5,1,1,0.0,,,1.0,0.0,2.3308621532784276e-07,0.0,0.0,0.0,0.0,,,1.4855088610603563e-05,0.0
2020-02-02,Russia,2,0,0,0,1,2020,2,2,6,1,1,0.0,,,0.6666666666666666,0.0,2.3308621532784276e-07,0.0,0.0,0.0,0.0,,,9.90339240706904e-06,0.0
2020-02-03,Russia,2,0,0,0,1,2020,2,3,0,0,1,0.0,,,0.5,0.0,2.3308621532784276e-07,0.0,0.0,0.0,0.0,,,7.4275443053017815e-06,0.0
2020-02-04,Russia,2,0,0,0,1,2020,2,4,1,0,1,0.0,,,0.4,0.0,2.3308621532784276e-07,0.0,0.0,0.0,0.0,,,5.942035444241425e-06,0.0
2020-02-05,Russia,2,0,0,0,1,2020,2,5,2,0,1,0.0,,,0.3333333333333333,0.0,2.3308621532784276e-07,0.0,0.0,0.0,0.0,,,4.95169620353452e-06,0.0
2020-02-06,Russia,2,0,0,0,1,2020,2,6,3,0,1,0.0,,,0.2857142857142857,0.0,2.3308621532784276e-07,0.0,0.0,0.0,0.0,,,4.244311031601017e-06,0.0
2020-02-07,Russia,2,0,0,0,1,2020,2,7,4,0,1,0.0,0.0,,0.0,0.0,2.3308621532784276e-07,0.0,0.0,0.0,0.0,0.0027643303164246124,,0.0,0.0
2020-02-08,Russia,2,0,0,0,1,2020,2,8,5,1,1,0.0,0.0,,0.0,0.0,2.3308621532784276e-07,0.0,0.0,0.0,0.0,0.0027643303164246124,,0.0,0.0
2020-02-09,Russia,2,0,0,0,1,2020,2,9,6,1,1,0.0,0.0,,0.0,0.0,2.3308621532784276e-07,0.0,0.0,0.0,0.0,0.0027643303164246124,,0.0,0.0
2020-02-10,Russia,2,0,0,0,1,2020,2,10,0,0,1,0.0,0.0,,0.0,0.0,2.3308621532784276e-07,0.0,0.0,0.0,0.0,0.0027643303164246124,,0.0,0.0
2020-02-11,Russia,2,0,0,0,1,2020,2,11,1,0,1,0.0,0.0,,0.0,0.0,2.3308621532784276e-07,0.0,0.0,0.0,0.0,0.0027643303164246124,,0.0,0.0
2020-02-12,Russia,2,0,0,0,1,2020,2,12,2,0,1,0.0,0.0,,0.0,0.0,2.3308621532784276e-07,0.0,0.0,0.0,0.0,0.0027643303164246124,,0.0,0.0
2020-02-13,Russia,2,0,0,0,1,2020,2,13,3,0,1,0.0,0.0,,0.0,0.0,2.3308621532784276e-07,0.0,0.0,0.0,0.0,0.0027643303164246124,,0.0,0.0
2020-02-14,Russia,2,0,0,0,1,2020,2,14,4,0,1,0.0,0.0,,0.0,0.0,2.3308621532784276e-07,0.0,0.0,0.0,0.0,0.0027643303164246124,,0.0,0.0
2020-02-15,Russia,2,0,0,0,1,2020,2,15,5,1,1,0.0,0.0,,0.0,0.0,2.3308621532784276e-07,0.0,0.0,0.0,0.0,0.0027643303164246124,,0.0,0.0
2020-02-16,Russia,2,0,0,0,1,2020,2,16,6,1,1,0.0,0.0,,0.0,0.0,2.3308621532784276e-07,0.0,0.0,0.0,0.0,0.0027643303164246124,,0.0,0.0
2020-02-17,Russia,2,0,0,0,1,2020,2,17,0,0,1,0.0,0.0,,0.0,0.0,2.3308621532784276e-07,0.0,0.0,0.0,0.0,0.0027643303164246124,,0.0,0.0
2020-02-18,Russia,2,0,0,0,1,2020,2,18,1,0,1,0.0,0.0,,0.0,0.0,2.3308621532784276e-07,0.0,0.0,0.0,0.0,0.0027643303164246124,,0.0,0.0
2020-02-19,Russia,2,0,0,0,1,2020,2,19,2,0,1,0.0,0.0,,0.0,0.0,2.3308621532784276e-07,0.0,0.0,0.0,0.0,0.0027643303164246124,,0.0,0.0
2020-02-20,Russia,2,0,0,0,1,2020,2,20,3,0,1,0.0,0.0,,0.0,0.0,2.3308621532784276e-07,0.0,0.0,0.0,0.0,0.0027643303164246124,,0.0,0.0
2020-02-21,Russia,2,0,0,0,1,2020,2,21,4,0,1,0.0,0.0,,0.0,0.0,2.3308621532784276e-07,0.0,0.0,0.0,0.0,0.0027643303164246124,,0.0,0.0
2020-02-22,Russia,2,0,0,0,1,2020,2,22,5,1,1,0.0,0.0,,0.0,0.0,2.3308621532784276e-07,0.0,0.0,0.0,0.0,0.0027643303164246124,,0.0,0.0
2020-02-23,Russia,2,0,0,0,1,2020,2,23,6,1,1,0.0,0.0,,0.0,0.0,2.3308621532784276e-07,0.0,0.0,0.0,0.0,0.0027643303164246124,,0.0,0.0
2020-02-24,Russia,2,0,0,0,1,2020,2,24,0,0,1,0.0,0.0,,0.0,0.0,2.3308621532784276e-07,0.0,0.0,0.0,0.0,0.0027643303164246124,,0.0,0.0
2020-02-25,Russia,2,0,0,0,1,2020,2,25,1,0,1,0.0,0.0,,0.0,0.0,2.3308621532784276e-07,0.0,0.0,0.0,0.0,0.0027643303164246124,,0.0,0.0
2020-02-26,Russia,2,0,0,0,1,2020,2,26,2,0,1,0.0,0.0,,0.0,0.0,2.3308621532784276e-07,0.0,0.0,0.0,0.0,0.0027643303164246124,,0.0,0.0
2020-02-27,Russia,2,0,0,0,1,2020,2,27,3,0,1,0.0,0.0,,0.0,0.0,2.3308621532784276e-07,0.0,0.0,0.0,0.0,0.0027643303164246124,,0.0,0.0
2020-02-28,Russia,2,0,0,0,1,2020,2,28,4,0,1,0.0,0.0,,0.0,0.0,2.3308621532784276e-07,0.0,0.0,0.0,0.0,0.0027643303164246124,,0.0,0.0
2020-02-29,Russia,2,0,0,0,1,2020,2,29,5,1,1,0.0,0.0,,0.0,0.0,2.3308621532784276e-07,0.0,0.0,0.0,0.0,0.0027643303164246124,,0.0,0.0
2020-03-01,Russia,2,0,0,0,1,2020,3,1,6,1,1,0.0,0.0,,0.0,0.0,2.3308621532784276e-07,0.0,0.0,0.0,0.0,0.0027643303164246124,,0.0,0.0
2020-03-02,Russia,3,0,1,0,1,2020,3,2,0,0,1,0.0,0.5,,0.14285714285714285,0.0,4.6617243065568553e-07,0.0,1.2944146009966992e-05,0.0,0.0,0.005058584157721181,,2.1221555158005087e-06,0.0
2020-03-03,Russia,3,0,0,0,1,2020,3,3,1,0,1,0.0,0.5,,0.14285714285714285,0.0,4.6617243065568553e-07,0.0,0.0,0.0,0.0,0.005058584157721181,,2.1221555158005087e-06,0.0
2020-03-04,Russia,3,0,0,0,1,2020,3,4,2,0,1,0.0,0.5,,0.14285714285714285,0.0,4.6617243065568553e-07,0.0,0.0,0.0,0.0,0.005058584157721181,,2.1221555158005087e-06,0.0
2020-03-05,Russia,4,0,1,0,1,2020,3,5,3,0,1,0.0,1.0,,0.2857142857142857,0.0,6.992586459835282e-07,0.0,1.2944146009966992e-05,0.0,0.0,0.0073528379990177506,,4.244311031601017e-06,0.0
2020-03-06,Russia,13,0,9,0,1,2020,3,6,4,0,1,0.0,5.5,,1.5714285714285714,0.0,2.797034583934113e-06,0.0,0.00011649731408970293,0.0,0.0,0.028001122570686873,,2.3343710673805598e-05,0.0
2020-03-07,Russia,13,0,0,0,1,2020,3,7,5,1,1,0.0,5.5,,1.5714285714285714,0.0,2.797034583934113e-06,0.0,0.0,0.0,0.0,0.028001122570686873,,2.3343710673805598e-05,0.0
2020-03-08,Russia,17,0,4,0,1,2020,3,8,6,1,1,0.0,7.5,,2.142857142857143,0.0,3.7293794452454842e-06,0.0,5.177658403986797e-05,0.0,0.0,0.03717813793587315,,3.1832332737007634e-05,0.0
2020-03-09,Russia,17,0,0,0,1,2020,3,9,0,0,1,0.0,4.666666666666667,,2.0,0.0,3.7293794452454842e-06,0.0,0.0,0.0,0.0,0.024177366168525928,,2.9710177221207126e-05,0.0
2020-03-10,Russia,20,0,3,0,1,2020,3,10,1,0,1,0.0,5.666666666666667,,2.4285714285714284,0.0,4.428638091229012e-06,0.0,3.8832438029900976e-05,0.0,0.0,0.028765873851119065,,3.607664376860865e-05,0.0
2020-03-11,Russia,20,0,0,0,1,2020,3,11,2,0,1,0.0,5.666666666666667,,2.4285714285714284,0.0,4.428638091229012e-06,0.0,0.0,0.0,0.0,0.028765873851119065,,3.607664376860865e-05,0.0
2020-03-12,Russia,28,0,8,0,1,2020,3,12,3,0,1,0.0,6.0,,3.4285714285714284,0.0,6.293327813851755e-06,0.0,0.00010355316807973594,0.0,0.0,0.03029537641198344,,5.093173237921221e-05,0.0
2020-03-13,Russia,45,0,17,0,1,2020,3,13,4,0,1,0.0,2.4615384615384617,,4.571428571428571,0.0,1.0255793474425082e-05,0.0,0.00022005048216943888,0.0,0.0,0.014059118458192339,,6.790897650561628e-05,0.0
2020-03-14,Russia,59,0,14,0,1,2020,3,14,5,1,1,0.0,3.5384615384615383,,6.571428571428571,0.0,1.3519000489014879e-05,0.0,0.0001812180441395379,0.0,0.0,0.019000588270215713,,9.76191537268234e-05,0.0
2020-03-15,Russia,63,0,4,0,1,2020,3,15,6,1,1,0.0,2.7058823529411766,,6.571428571428571,0.0,1.445134535032625e-05,0.0,5.177658403986797e-05,0.0,0.0,0.015180292281088399,,9.76191537268234e-05,0.0
2020-03-16,Russia,90,0,27,0,1,2020,3,16,0,0,1,0.0,4.294117647058823,,10.428571428571429,0.0,2.0744673164178005e-05,0.0,0.0003494919422691088,0.0,0.0,0.022467922129912797,,0.00015491735265343715,0.0
2020-03-17,Russia,114,0,24,0,1,2020,3,17,1,0,1,0.0,4.7,,13.428571428571429,0.0,2.633874233204623e-05,0.0,0.0003106595042392078,0.0,0.0,0.024330316424612367,,0.00019948261848524784,0.0
2020-03-18,Russia,147,0,33,0,1,2020,3,18,2,0,1,0.0,6.35,,18.142857142857142,0.0,3.403058743786504e-05,0.0,0.00042715681832891075,0.0,0.0,0.03190135410089104,,0.0002695137505066646,0.0
2020-03-19,Russia,199,1,52,1,1,2020,3,19,3,0,1,0.005025125628140704,6.107142857142857,inf,24.428571428571427,0.14285714285714285,4.615107063491287e-05,6.756254602698448e-06,0.0006730955925182836,0.0002572678157962439,0.005025125628140704,0.030787002235118422,,0.000362888593201887,6.383657835939994e-05
2020-03-20,Russia,253,1,54,0,1,2020,3,20,4,0,1,0.003952569169960474,4.622222222222222,inf,29.714285714285715,0.14285714285714285,5.8737726262616375e-05,6.756254602698448e-06,0.0006989838845382175,0.0,0.003952569169960474,0.023973432493744003,,0.0004414083472865059,6.383657835939994e-05
2020-03-21,Russia,306,1,53,0,1,2020,3,21,5,1,1,0.0032679738562091504,4.186440677966102,inf,35.285714285714285,0.14285714285714285,7.109129567499205e-05,6.756254602698448e-06,0.0006860397385282506,0.0,0.0032679738562091504,0.021973845529992497,,0.0005241724124027257,6.383657835939994e-05
2020-03-22,Russia,367,1,61,0,1,2020,3,22,6,1,1,0.0027247956403269754,4.825396825396825,inf,43.42857142857143,0.14285714285714285,8.530955480999045e-05,6.756254602698448e-06,0.0007895929066079866,0.0,0.0027247956403269754,0.024905700721318487,,0.0006451352768033548,6.383657835939994e-05
2020-03-23,Russia,438,1,71,0,1,2020,3,23,0,0,1,0.00228310502283105,3.8666666666666663,inf,49.714285714285715,0.14285714285714285,0.00010185867609826728,6.756254602698448e-06,0.0009190343667076564,0.0,0.00228310502283105,0.020506560022451416,,0.0007385101194985771,6.383657835939994e-05
2020-03-24,Russia,495,1,57,0,1,2020,3,24,1,0,1,0.00202020202020202,3.3421052631578947,inf,54.42857142857143,0.14285714285714285,0.00011514459037195432,6.756254602698448e-06,0.0007378163225681186,0.0,0.00202020202020202,0.018099605992459574,,0.0008085412515199939,6.383657835939994e-05
2020-03-25,Russia,658,3,163,2,1,2020,3,25,2,0,1,0.004559270516717325,3.4761904761904763,inf,73.0,0.42857142857142855,0.00015313764347039269,2.0268763808095344e-05,0.0021098957996246196,0.0005145356315924878,0.004559270516717325,0.018714857022581712,,0.00108442146857406,0.0001915097350781998
2020-03-26,Russia,840,3,182,0,1,2020,3,26,3,0,1,0.0035714285714285713,3.2211055276381906,2.0,91.57142857142857,0.2857142857142857,0.00019555933466006007,2.0268763808095344e-05,0.0023558345738139926,0.0,0.0035714285714285713,0.017544397776435676,0.0,0.001360301685628126,0.00012767315671879988
2020-03-27,Russia,1036,4,196,1,1,2020,3,27,4,0,1,0.003861003861003861,3.0948616600790517,3.0,111.85714285714286,0.42857142857142855,0.00024124423286431726,2.7025018410793794e-05,0.0025370526179535305,0.0002572678157962439,0.003861003861003861,0.016965126820260294,0.0,0.0016616477688717985,0.0001915097350781998
2020-03-28,Russia,1264,4,228,0,1,2020,3,28,5,1,1,0.0031645569620253164,3.1307189542483664,3.0,136.85714285714286,0.42857142857142855,0.0002943878899590654,2.7025018410793794e-05,0.0029512652902724743,0.0,0.0031645569620253164,0.017129658290033198,0.0,0.0020330249841368875,0.0001915097350781998
2020-03-29,Russia,1534,8,270,4,1,2020,3,29,6,1,1,0.005215123859191656,3.1798365122615806,7.0,166.71428571428572,1.0,0.00035732116809758296,5.405003682158759e-05,0.003494919422691088,0.0010290712631849757,0.005215123859191656,0.017355034582327046,0.0,0.002476555486939194,0.0004468560485157996
2020-03-30,Russia,1836,9,302,1,1,2020,3,30,0,0,1,0.004901960784313725,3.191780821917808,8.0,199.71428571428572,1.1428571428571428,0.00042771320512659147,6.080629142428603e-05,0.003909132095010032,0.0002572678157962439,0.004901960784313725,0.017409841138947918,0.0,0.0029667734110891113,0.0005106926268751995
2020-03-31,Russia,2337,17,501,8,1,2020,3,31,1,0,1,0.007274283269148481,3.7212121212121216,16.0,263.14285714285717,2.2857142857142856,0.0005444893990058406,0.00011485632824587362,0.006485017150993463,0.0020581425263699513,0.007274283269148481,0.019839140723165144,0.0,0.003909010460104538,0.001021385253750399
2020-04-01,Russia,2777,24,440,7,1,2020,4,1,2,0,2,0.008642419877565718,3.2203647416413377,7.0,302.7142857142857,3.0,0.0006470473337500915,0.00016215011046476276,0.005695424244385476,0.0018008747105737071,0.008642419877565718,0.017540998674197956,0.0,0.0044968475379812784,0.0013405681455473989
2020-04-02,Russia,3548,30,771,6,1,2020,4,2,3,0,2,0.008455467869222097,3.223809523809524,9.0,386.85714285714283,3.857142857142857,0.0008267568057678582,0.00020268763808095345,0.009979936573684551,0.0015436068947774634,0.008455467869222097,0.01755680508364154,0.0,0.005746797136787778,0.0017235876157037984
2020-04-03,Russia,4149,34,601,4,1,2020,4,3,4,0,2,0.008194745721860689,3.0048262548262548,7.5,444.7142857142857,4.285714285714286,0.0009668416211798918,0.00022971265649174725,0.007779431751990163,0.0010290712631849757,0.008194745721860689,0.01655199867155245,0.0,0.006606270120686985,0.0019150973507819982
2020-04-04,Russia,4731,43,582,9,1,2020,4,4,5,1,2,0.009088987529063623,2.742879746835443,9.75,495.2857142857143,5.571428571428571,0.0011024977985006961,0.0002905189479160333,0.007533492977800789,0.002315410342166195,0.009088987529063623,0.015350055107208166,0.0,0.0073575131732803644,0.0024896265560165978
2020-04-05,Russia,5389,45,658,2,1,2020,4,5,6,1,2,0.00835034329189089,2.513037809647979,4.625,550.7142857142857,5.285714285714286,0.0012558685281864167,0.0003040314571214302,0.008517248074558281,0.0005145356315924878,0.00835034329189089,0.014295423612641397,0.0,0.008180909513410961,0.002361953399297798
2020-04-06,Russia,6343,47,954,2,1,2020,4,6,0,0,2,0.00740974302380577,2.45479302832244,4.222222222222222,643.8571428571429,5.428571428571429,0.0014782327776091788,0.00031754396632682703,0.01234871529350851,0.0005145356315924878,0.00740974302380577,0.014028166986058204,0.0,0.009564554909712895,0.002425789977657198
2020-04-07,Russia,7497,58,1154,11,1,2020,4,7,1,0,2,0.007736427904495131,2.20795892169448,2.411764705882353,737.1428571428571,5.857142857142857,0.0017472142700975092,0.00039186276695651,0.014937544495501909,0.002829945973758683,0.007736427904495131,0.012895566791469795,0.0,0.010950322461530625,0.0026172997127353976
2020-04-08,Russia,8672,63,1175,5,1,2020,4,8,2,0,2,0.007264760147601476,2.1227943824270796,1.625,842.1428571428571,5.571428571428571,0.0020210905731077246,0.0004256440399700022,0.015209371561711217,0.0012863390789812194,0.007264760147601476,0.012504788648756824,0.0,0.012510106765644,0.0024896265560165978
2020-04-09,Russia,10131,76,1459,13,1,2020,4,9,3,0,2,0.007501727371434212,1.8554114994363022,1.5333333333333332,940.4285714285714,6.571428571428571,0.0023611633612710473,0.000513475349805082,0.01888550902854184,0.0033444816053511705,0.007501727371434212,0.01127790023595974,0.0,0.01397014976051475,0.002936482604532397
2020-04-10,Russia,11917,94,1786,18,1,2020,4,10,4,0,2,0.007887891247797265,1.8722583755121716,1.7647058823529411,1109.7142857142858,8.571428571428571,0.0027774553418465743,0.0006350879326536541,0.023118244773801047,0.00463082068433239,0.007887891247797265,0.01135520225626156,0.0,0.016484904046738354,0.0038301947015639964
2020-04-11,Russia,13584,106,1667,12,1,2020,4,11,5,1,2,0.007803297997644287,1.8712745719720991,1.4651162790697674,1264.7142857142858,9.0,0.0031660100627980883,0.0007161629878860355,0.021577891398614976,0.0030872137895549268,0.007803297997644287,0.011350688066159777,0.0,0.018787442781381905,0.0040217044366421964
2020-04-12,Russia,15770,130,2186,24,1,2020,4,12,6,1,2,0.008243500317057704,1.926331415847096,1.8888888888888888,1483.0,12.142857142857142,0.003675536529504752,0.0008783130983507982,0.028295903177787844,0.0061744275791098535,0.008243500317057704,0.01160331681725953,0.0,0.022030096409525083,0.005426109160548995
2020-04-13,Russia,18328,148,2558,18,1,2020,4,13,0,0,2,0.008075076385857704,1.8894844710704715,2.148936170212766,1712.142857142857,14.428571428571429,0.004271771068313374,0.0009999256811993704,0.03311112549349557,0.00463082068433239,0.008075076385857704,0.011434244328071903,0.0,0.025434033856869098,0.006447494414299394
2020-04-14,Russia,21102,170,2774,22,1,2020,4,14,1,0,2,0.008056108425741636,1.8147258903561423,1.9310344827586206,1943.5714285714287,16.0,0.00491835222963281,0.001148563282458736,0.03590706103164844,0.005659891947517366,0.008056108425741636,0.011091214006124445,0.0,0.028871925792465926,0.0071496967762527935
2020-04-15,Russia,24490,198,3388,28,1,2020,4,15,2,0,2,0.008084932625561453,1.8240313653136533,2.142857142857143,2259.714285714286,19.285714285714285,0.005708048327163541,0.0013377384113342928,0.04385476668176817,0.0072034988422948285,0.008084932625561453,0.011133912249457163,0.0,0.03356825594893245,0.008617938078518992
2020-04-16,Russia,27938,232,3448,34,1,2020,4,16,3,0,2,0.008304101940010022,1.7576744645148552,2.0526315789473686,2543.8571428571427,22.285714285714285,0.006511729597613943,0.00156745106782604,0.04463141544236619,0.008747105737072292,0.008304101940010022,0.010829433100348807,0.0,0.03778922326985966,0.009958506224066391
2020-04-17,Russia,32008,273,4070,41,1,2020,4,17,4,0,2,0.008529117720569858,1.6859108836116472,1.9042553191489362,2870.1428571428573,25.571428571428573,0.007460390493998263,0.0018444575065366764,0.05268267426056566,0.010547980447646,0.008529117720569858,0.010500145358044041,0.0,0.04263622646794803,0.01142674752633259
2020-04-18,Russia,36793,313,4785,40,1,2020,4,18,5,1,2,0.008507052972032724,1.7085541813898706,1.9528301886792452,3315.5714285714284,29.571428571428573,0.00857570803434199,0.0021147076906446144,0.06193773865769206,0.010290712631849755,0.008507052972032724,0.010604044303858664,0.0,0.04925310736621401,0.013214171720395788
2020-04-19,Russia,42853,361,6060,48,1,2020,4,19,6,1,2,0.008424147667607868,1.7173747622067217,1.7769230769230768,3869.0,33.0,0.009988210499228718,0.00243900791157414,0.07844152482039997,0.012348855158219707,0.008424147667607868,0.01064451760670172,0.0,0.05747433783442518,0.014746249601021387
2020-04-20,Russia,47121,405,4268,44,1,2020,4,20,0,0,2,0.00859489399630738,1.5709842863378438,1.7364864864864864,4113.285714285715,36.714285714285715,0.01098302246624795,0.0027362831140928714,0.05524561517053912,0.011319783895034732,0.00859489399630738,0.009972803783518908,0.0,0.06110322376644406,0.016406000638365784
2020-04-21,Russia,52763,456,5642,51,1,2020,4,21,1,0,2,0.008642419877565718,1.5003791109847406,1.6823529411764704,4523.0,40.857142857142854,0.012298094893127639,0.003080852098830492,0.07303087178823377,0.013120658605608439,0.008642419877565718,0.009648831393980357,0.0,0.06718956578575991,0.018257261410788383
2020-04-22,Russia,57999,513,5236,57,1,2020,4,22,2,0,2,0.00884498008586355,1.3682727643936299,1.5909090909090908,4787.0,45.0,0.013518534316584225,0.003465958611184304,0.06777554850818718,0.014664265500385902,0.00884498008586355,0.009042660407727734,0.0,0.07111130917895925,0.02010852218321098
2020-04-23,Russia,62773,555,4774,42,1,2020,4,23,3,0,2,0.008841380848453952,1.246868065001074,1.3922413793103448,4976.428571428572,46.142857142857146,0.014631287908559346,0.0037497213044976386,0.06179535305158242,0.010805248263442244,0.008841380848453952,0.008485594011862082,0.0,0.07392528739291072,0.020619214810086182
2020-04-24,Russia,68622,615,5849,60,1,2020,4,24,4,0,2,0.008962140421439188,1.1439015246188453,1.2527472527472527,5230.571428571428,48.857142857142854,0.0159946091820119,0.004155096580659545,0.07571031001229694,0.015436068947774634,0.008962140421439188,0.008013131250268188,0.0,0.07770060205551983,0.02183210979891478
2020-04-25,Russia,74588,681,5966,66,1,2020,4,25,5,1,2,0.00913015498471604,1.0272334411436956,1.1757188498402558,5399.285714285715,52.57142857142857,0.017385201542657807,0.004601009384437643,0.07722477509546308,0.016979675842552097,0.00913015498471604,0.007477798852929047,0.0,0.08020686771968023,0.023491860836259176
2020-04-26,Russia,80949,747,6361,66,1,2020,4,26,6,1,2,0.009228032464885298,0.8889926026182531,1.0692520775623269,5442.285714285715,55.142857142857146,0.018867862958358215,0.00504692218821574,0.08233771276940004,0.016979675842552097,0.009228032464885298,0.006843479703306936,0.0,0.08084563652993619,0.024640919246728378
2020-04-27,Russia,87147,794,6198,47,1,2020,4,27,0,0,2,0.009111042261925252,0.8494301903609855,0.9604938271604939,5718.0,55.57142857142857,0.020312531320960184,0.005364466154542568,0.08022781696977542,0.012091587342423462,0.009111042261925252,0.0066619472707225465,0.0,0.08494139667543117,0.024832428981806577
2020-04-28,Russia,93558,867,6411,73,1,2020,4,28,1,0,2,0.009266978772526134,0.7731743835642402,0.9013157894736843,5827.857142857143,58.714285714285715,0.021806847047426983,0.0058576727405395546,0.08298492006989838,0.018780550553125806,0.009266978772526134,0.006312046915393343,0.0,0.08657333426708176,0.026236833705713378
2020-04-29,Russia,99399,972,5841,105,1,2020,4,29,2,0,2,0.009778770410165092,0.7138054104381111,0.894736842105263,5914.285714285715,65.57142857142857,0.023168303631156913,0.0065670794738228915,0.07560675684421721,0.02701312065860561,0.009778770410165092,0.006039631926096433,0.0,0.08785723835414107,0.02930098946696457
2020-04-30,Russia,106498,1073,7099,101,1,2020,4,30,3,0,2,0.010075306578527296,0.696557437114683,0.9333333333333333,6246.428571428572,74.0,0.02482298267376927,0.007249461188695435,0.09189049252475567,0.025984049395420632,0.010075306578527296,0.005960489467992722,0.0,0.09279124992837726,0.03306734759016917
2020-05-01,Russia,114431,1169,7933,96,1,2020,5,1,4,0,2,0.010215763211017994,0.6675555944157849,0.9008130081300814,6544.142857142857,79.14285714285714,0.026672055619965048,0.007898061630554485,0.10268591029706815,0.024697710316439414,0.010215763211017994,0.005827414289959471,0.0,0.0972138220233055,0.035365464411107564
2020-05-02,Russia,124054,1222,9623,53,1,2020,5,2,5,1,2,0.009850548954487563,0.6631897892422374,0.7944199706314243,7066.571428571428,77.28571428571429,0.028915044270064878,0.008256143124497503,0.12456151705391237,0.013635194237200925,0.009850548954487563,0.005807381759379943,0.0,0.10497454474458798,0.034535588892435375
2020-05-03,Russia,134687,1280,10633,58,1,2020,5,3,6,1,2,0.009503515558294416,0.6638500784444528,0.713520749665328,7676.857142857143,76.14285714285714,0.03139344999764583,0.008648005891454013,0.13763510452397903,0.014921533316182145,0.009503515558294416,0.005810411501457041,0.0,0.11404039310808775,0.03402489626556017
2020-05-04,Russia,145268,1356,10581,76,1,2020,5,4,0,0,2,0.009334471459646998,0.6669305885457903,0.707808564231738,8303.0,80.28571428571429,0.03385973524202973,0.009161481241259095,0.13696200893146074,0.019552354000514537,0.009334471459646998,0.005824546445723335,0.0,0.12334180073384138,0.03587615703798277
2020-05-05,Russia,155370,1451,10102,95,1,2020,5,5,1,0,2,0.00933899723241295,0.660681074841275,0.6735870818915801,8830.285714285714,83.42857142857143,0.0362143721892716,0.009803325428515449,0.13076176299268655,0.02444044250064317,0.00933899723241295,0.005795870504077695,0.0,0.13117467674266106,0.03728056176188957
2020-05-06,Russia,165929,1537,10559,86,1,2020,5,6,2,0,2,0.009262998029277582,0.6693226290002918,0.581275720164609,9504.285714285714,80.71428571428571,0.038675529536918295,0.010384363324347515,0.13667723771924148,0.022125032158476974,0.009262998029277582,0.005835522341725888,0.0,0.14118700646620785,0.03606766677306097
2020-05-07,Russia,177160,1625,11231,88,1,2020,5,7,3,0,2,0.009172499435538497,0.6635054179421209,0.5144454799627214,10094.57142857143,78.85714285714286,0.04129332082126529,0.010978913729384978,0.1453757038379393,0.022639567790069464,0.009172499435538497,0.005808830024094206,0.0,0.14995575305749556,0.03523779125438877
2020-05-08,Russia,187859,1723,10699,98,1,2020,5,8,4,0,2,0.009171772446356044,0.6416792652340713,0.47390932420872534,10489.714285714286,79.14285714285714,0.04378711023905788,0.011641026680449426,0.13848941816063684,0.0252122459480319,0.009171772446356044,0.005708680554711868,0.0,0.1558256352141998,0.035365464411107564
2020-05-09,Russia,198676,1827,10817,104,1,2020,5,9,5,1,2,0.009195876703779016,0.601528366679027,0.4950900163666121,10660.285714285714,86.42857142857143,0.04630840383025916,0.012343677159130064,0.14001682738981297,0.026755852842809364,0.009195876703779016,0.0055244478482290305,0.0,0.15835948890006557,0.03862112990743696
2020-05-10,Russia,209688,1915,11012,88,1,2020,5,10,6,1,2,0.009132616077219487,0.5568540393653434,0.49609375,10714.42857142857,90.71428571428571,0.048875149233449364,0.012938227564167529,0.1425409358617565,0.022639567790069464,0.009132616077219487,0.005319459354135513,0.0,0.15916378584055396,0.04053622725821896
2020-05-11,Russia,221344,2009,11656,94,1,2020,5,11,0,0,2,0.009076369813502964,0.5236941377316409,0.48156342182890866,10868.0,93.28571428571429,0.0515920021593107,0.013573315496821182,0.15087696589217525,0.024183174684846924,0.009076369813502964,0.005167304890735236,0.0,0.1614451030200395,0.04168528566868816
2020-05-12,Russia,232243,2116,10899,107,1,2020,5,12,1,0,2,0.009111146514641991,0.494773765849263,0.4583046175051688,10981.857142857143,95.0,0.054132408820168856,0.014296234739309917,0.14107824736263025,0.027527656290198096,0.009111146514641991,0.0050346035421694945,0.0,0.16313646096613252,0.04245132460900096
2020-05-13,Russia,242271,2212,10028,96,1,2020,5,13,2,0,2,0.009130271472854778,0.46008835104171064,0.439167208848406,10906.0,96.42857142857143,0.05646979738747646,0.014944835181168967,0.129803896187949,0.024697710316439414,0.009130271472854778,0.004875449249851111,0.0,0.16200959638724244,0.04308969039259496
2020-05-14,Russia,252245,2305,9974,93,1,2020,5,14,3,0,2,0.00913794128724058,0.42382592007225117,0.41846153846153844,10726.42857142857,97.14285714285714,0.05879459929915637,0.015573166859219922,0.12910491230341078,0.023925906869050682,0.00913794128724058,0.004709058806758242,0.0,0.1593420469038812,0.04340887328439196
2020-05-15,Russia,262843,2418,10598,113,1,2020,5,15,4,0,2,0.009199408011626713,0.3991504266497745,0.4033662217063261,10712.0,99.28571428571429,0.061264847009200846,0.016336623629324847,0.13718205941363018,0.02907126318497556,0.009199408011626713,0.004595835115617432,0.0,0.15912770919678537,0.044366421959782965
2020-05-16,Russia,272043,2537,9200,119,1,2020,5,16,5,1,2,0.009325731593902434,0.3692796311582678,0.38861521620142314,10481.0,101.42857142857143,0.063409240190217,0.01714061792704596,0.11908614329169633,0.030614870079753023,0.009325731593902434,0.004458772741019485,0.0,0.15569618372773594,0.04532397063517396
2020-05-17,Russia,281752,2631,9709,94,1,2020,5,17,6,1,2,0.009337999375337176,0.3436725039105719,0.37389033942558747,10294.857142857143,102.28571428571429,0.06567227425483503,0.017775705859699616,0.12567471361076954,0.024183174684846924,0.009337999375337176,0.004341274240914292,0.0,0.15293101509064788,0.04570699010533036
2020-05-18,Russia,290678,2722,8926,91,1,2020,5,18,0,0,2,0.00936431377675641,0.31324092814804105,0.3549029367844698,9904.857142857143,101.85714285714286,0.06775280181285134,0.018390525028545174,0.11553944728496537,0.023411371237458192,0.00936431377675641,0.004201638721734504,0.0,0.1471375305325125,0.04551548037025216
2020-05-19,Russia,299941,2837,9263,115,1,2020,5,19,1,0,2,0.009458526843612577,0.2914964067808288,0.34073724007561434,9671.142857142857,103.0,0.06991187942543316,0.019167494307855498,0.11990162449032425,0.029585798816568046,0.009458526843612577,0.00410186381838674,0.0,0.14366568410866284,0.04602617299712736
2020-05-20,Russia,308705,2972,8764,135,1,2020,5,20,2,0,2,0.009627314102460278,0.27421358726384915,0.34358047016274873,9490.57142857143,108.57142857142857,0.07195464701656637,0.020079588679219787,0.11344249563135073,0.034731155132492926,0.009627314102460278,0.004022561468256208,0.0,0.14098327953669101,0.04851579955314395
2020-05-21,Russia,317554,3099,8849,127,1,2020,5,21,3,0,2,0.009758970127915252,0.25891097940494356,0.34446854663774396,9329.857142857143,113.42857142857143,0.07401722693600245,0.020937633013762492,0.11454274804219791,0.03267301260612297,0.009758970127915252,0.0039523453345319095,0.0,0.13859585458141543,0.05068624321736356
2020-05-22,Russia,326448,3249,8894,150,1,2020,5,22,4,0,2,0.009952580502867226,0.24198856351510223,0.34367245657568235,9086.42857142857,118.71428571428571,0.07609029573512828,0.02195107120416726,0.11512523461264643,0.038590172369436584,0.009952580502867226,0.0038746966992133365,0.0,0.13497970158249137,0.053048196616661346
2020-05-23,Russia,335882,3388,9434,139,1,2020,5,23,5,1,2,0.010086875748030558,0.2346651080895299,0.33543555380370527,9119.857142857143,121.57142857142857,0.07828923109053115,0.02289019059394234,0.1221150734580286,0.0357602263956779,0.010086875748030558,0.0038410929677299695,0.0,0.1354762859731887,0.05432492818384935
2020-05-24,Russia,344481,3541,8599,153,1,2020,5,24,6,1,2,0.010279231655737181,0.22263905846276155,0.345876092740403,8961.285714285714,130.0,0.08029353945613527,0.023923897548155205,0.11130671153970617,0.039361975816825316,0.010279231655737181,0.0037859113466262966,0.0,0.1331206933506501,0.058091286307053944
2020-05-25,Russia,353427,3633,8946,92,1,2020,5,25,0,0,2,0.010279350474072439,0.2158711701607965,0.3346803820720059,8964.142857142857,130.14285714285714,0.08237872873845815,0.024545472971603463,0.11579833020516471,0.023668639053254437,0.010279350474072439,0.003754856839157798,0.0,0.13316313646096614,0.05815512288541334
2020-05-26,Russia,362342,3807,8915,174,1,2020,5,26,1,0,2,0.010506648415033312,0.2080442487022447,0.3419104688050758,8914.42857142857,138.57142857142858,0.08445669234810588,0.025721061272472992,0.11539706167885573,0.04476459994854644,0.010506648415033312,0.0037189429499141797,0.0,0.13242462634146754,0.06192148100861795
2020-05-27,Russia,370680,3968,8338,161,1,2020,5,27,2,0,2,0.010704650911837704,0.20075800521533504,0.33512786002691786,8853.57142857143,142.28571428571428,0.08640016521150942,0.026808818263507443,0.10792828943110479,0.04142011834319527,0.010704650911837704,0.0036855099656972505,0.0,0.13152058809173656,0.06358123204596233
2020-05-28,Russia,379051,4142,8371,174,1,2020,5,28,3,0,2,0.010927289467644196,0.1936584014057452,0.3365601807034526,8785.285714285714,149.0,0.08835132992001879,0.027984406564376972,0.10835544624943369,0.04476459994854644,0.010927289467644196,0.00365293337907358,0.0,0.13050619775518388,0.06658155122885413
2020-05-29,Russia,387623,4374,8572,232,1,2020,5,29,4,0,2,0.011284160124657206,0.18739584864970849,0.3462603878116344,8739.285714285714,160.71428571428572,0.09034934495780907,0.029551857632203013,0.11095721959743705,0.05968613326472858,0.011284160124657206,0.0036241976076398607,0.0,0.12982286367909612,0.07181615065432494
2020-05-30,Russia,396575,4555,8952,181,1,2020,5,30,5,1,2,0.011485847569816554,0.18069738777308708,0.3444510035419126,8670.42857142857,166.71428571428572,0.09243593275742391,0.030774739715291433,0.11587599508122452,0.04656547465912014,0.011485847569816554,0.003593461668445934,0.0,0.12879998472048027,0.07449728694541974
2020-05-31,Russia,405843,4693,9268,138,1,2020,5,31,6,1,2,0.01156358493308989,0.17812883729436457,0.3253318271674668,8766.0,164.57142857142858,0.09459617580108236,0.03170710285046382,0.11996634522037408,0.03550295857988166,0.01156358493308989,0.0035816758548411873,0.0,0.13021970676055084,0.07353973827002874
2020-06-01,Russia,414328,4849,8485,156,1,2020,6,1,0,0,2,0.011703288216099322,0.17231564085369833,0.33470960638590697,8700.142857142857,173.71428571428572,0.09657391233813911,0.03276107856848477,0.10983107889456993,0.04013377926421405,0.011703288216099322,0.003555001958312767,0.0,0.12924139306776677,0.07762527928503034
2020-06-02,Russia,423186,5031,8858,182,1,2020,6,2,1,0,2,0.011888389502488267,0.16791870663627173,0.3215130023640662,8692.0,174.85714285714286,0.09863859003351313,0.033990716906175895,0.11465924535628762,0.046822742474916385,0.011888389502488267,0.0035348265918762486,0.0,0.12912043020336617,0.07813597191190554
2020-06-03,Russia,431715,5208,8529,177,1,2020,6,3,2,0,2,0.012063514123901185,0.16465684687601168,0.3125,8719.285714285714,177.14285714285714,0.1006265823640443,0.035186573970853514,0.11040062131900848,0.04553640339593517,0.012063514123901185,0.003519859523306754,0.0,0.12952576190688406,0.07915735716565593
2020-06-04,Russia,440538,5376,8823,168,1,2020,6,4,3,0,2,0.012203260558680522,0.16221300036142883,0.2979237083534525,8783.857142857143,176.28571428571428,0.10268310204188186,0.036321624744106856,0.11420620024593878,0.043220993053768975,0.012203260558680522,0.003508645914799512,0.0,0.1304849762000259,0.07877433769549952
2020-06-05,Russia,449256,5520,8718,144,1,2020,6,5,4,0,2,0.01228698114215503,0.15900243277617676,0.2620027434842249,8804.714285714286,163.71428571428572,0.10471514766711,0.037294525406895436,0.11284706491489224,0.03704656547465912,0.01228698114215503,0.0034939142007690987,0.0,0.13079481090533276,0.07315671879987233
2020-06-06,Russia,458102,5717,8846,197,1,2020,6,6,5,1,2,0.012479753417361199,0.15514593708630153,0.25510428100987936,8789.57142857143,166.0,0.10677702832790009,0.03862550756362703,0.11450391560416802,0.05068175971186004,0.012479753417361199,0.0034762186406682187,0.0,0.13056986242065793,0.07417810405362273
2020-06-07,Russia,467073,5851,8971,134,1,2020,6,7,6,1,2,0.012526949748754478,0.1508711496810342,0.24675047943745998,8747.142857142857,165.42857142857142,0.10886804476560617,0.03953084568038862,0.11612193385541389,0.034473887316696684,0.012526949748754478,0.0034566037458176975,0.0,0.12993958223246516,0.07392275774018513
2020-06-08,Russia,476043,5963,8970,112,1,2020,6,8,0,0,2,0.012526179357747094,0.14895203799888002,0.2297380903279027,8816.42857142857,159.14285714285714,0.11095882811709692,0.040287546195890846,0.11610898970940392,0.028813995369179314,0.012526179357747094,0.0034477978871203783,0.0,0.1309688276576284,0.07111394829237154
2020-06-09,Russia,484630,6134,8587,171,1,2020,6,9,1,0,2,0.012657078596042341,0.14519383911566064,0.21924070761280068,8777.714285714286,157.57142857142858,0.1129603394481171,0.04144286573295228,0.11115138178758656,0.043992796501157706,0.012657078596042341,0.0034305533626720133,0.0,0.13039372351284648,0.07041174593041814
2020-06-10,Russia,493023,6350,8393,216,1,2020,6,10,2,0,2,0.012879723664007562,0.1420103540530211,0.21927803379416289,8758.285714285714,163.14285714285714,0.1149166320533637,0.042902216727135144,0.10864021746165296,0.05556984821198868,0.012879723664007562,0.0034159459170046715,0.0,0.1301051103626976,0.07290137248643473
2020-06-11,Russia,501800,6522,8777,172,1,2020,6,11,3,0,2,0.012997210043842168,0.1390617835464818,0.2131696428571428,8751.714285714286,163.71428571428572,0.11696242976529617,0.04406429251879928,0.1136107695294803,0.04425006431695395,0.012997210043842168,0.003402416378582748,0.0,0.1300074912089708,0.07315671879987233
2020-06-12,Russia,510761,6705,8961,183,1,2020,6,12,4,0,2,0.013127470578215642,0.1369041259326531,0.21467391304347827,8786.42857142857,169.28571428571428,0.11905111534084896,0.04530068711109309,0.11599249239531421,0.04708001029071263,0.013127470578215642,0.00339251595004529,0.0,0.1305231749993103,0.07564634535588893
2020-06-13,Russia,519458,6819,8697,114,1,2020,6,13,5,1,2,0.013127144061695075,0.1339352371305953,0.19275843974112306,8765.142857142857,157.42857142857142,0.12107826615555521,0.046070900135800716,0.11257523784868294,0.029328531000771804,0.013127144061695075,0.003378893180968283,0.0,0.13020697382745602,0.07034790935205873
2020-06-14,Russia,528267,6938,8809,119,1,2020,6,14,6,1,2,0.01313351013786589,0.13101592256456707,0.18578020851136556,8742.0,155.28571428571428,0.12313152262637818,0.04687489443352183,0.11402498220179924,0.030614870079753023,0.01313351013786589,0.003365497883654156,0.0,0.12986318463389634,0.06939036067666773
2020-06-15,Russia,536484,7081,8217,143,1,2020,6,15,0,0,2,0.013198902483578261,0.12696542119094278,0.1874895186986416,8634.42857142857,159.71428571428572,0.12504679205772706,0.04784103884170771,0.10636204776389878,0.03678929765886288,0.013198902483578261,0.0033469121269829273,0.0,0.12826520153049856,0.07136929460580914
2020-06-16,Russia,544725,7274,8241,193,1,2020,6,16,1,0,2,0.01335352700904126,0.1240018158182532,0.18584936419954357,8585.0,162.85714285714286,0.12696765555824382,0.049144995980028514,0.10667270726813799,0.04965268844867507,0.01335352700904126,0.003333313600962167,0.0,0.12753093572203159,0.07277369932971593
2020-06-17,Russia,552549,7468,7824,194,1,2020,6,17,2,0,2,0.013515543417868823,0.12073676075964013,0.1760629921259842,8503.714285714286,159.71428571428572,0.12879132210696886,0.05045570937295201,0.10127499838198174,0.04990995626447131,0.013515543417868823,0.003318331870741631,0.0,0.1263234292335411,0.07136929460580914
2020-06-18,Russia,560321,7650,7772,182,1,2020,6,18,3,0,2,0.013652888255125187,0.11662216022319649,0.17295308187672487,8360.142857142857,161.14285714285714,0.13060286817249686,0.05168534771064313,0.10060190278946346,0.046822742474916385,0.013652888255125187,0.0032994519945693575,0.0,0.12419066294016158,0.07200766038940314
2020-06-19,Russia,568292,7831,7971,181,1,2020,6,19,4,0,2,0.013779887804157018,0.11263780907312815,0.16793437733035055,8218.714285714286,160.85714285714286,0.1324607983948751,0.05290822979373155,0.1031777878454469,0.04656547465912014,0.013779887804157018,0.00328116976870712,0.0,0.12208972897951909,0.07187998723268434
2020-06-20,Russia,576162,7992,7870,161,1,2020,6,20,5,1,2,0.013871098753475586,0.10915993208305586,0.17201935767707877,8100.571428571428,167.57142857142858,0.1342951869095052,0.053995986784766,0.10187042909844023,0.04142011834319527,0.013871098753475586,0.0032652115034190595,0.0,0.12033470636795206,0.07488030641557614
2020-06-21,Russia,583879,8101,7717,109,1,2020,6,21,6,1,2,0.013874450014472177,0.10527252317483393,0.16762755837417131,7944.571428571428,166.14285714285714,0.13609391323319017,0.05473241853646013,0.09988997475891528,0.028042191921790582,0.013874450014472177,0.0032473740977783023,0.0,0.1180173125446979,0.07424194063198213
2020-06-22,Russia,591465,8196,7586,95,1,2020,6,22,0,0,2,0.013857117496386092,0.10248395105911823,0.1574636350797909,7854.428571428572,159.28571428571428,0.13786210526266718,0.05537426272371648,0.0981942916316096,0.02444044250064317,0.013857117496386092,0.0032345787132018757,0.0,0.11667823241422778,0.07117778487073093
2020-06-23,Russia,598878,8349,7413,153,1,2020,6,23,1,0,2,0.013941069800526985,0.09941346551011976,0.14778663733846575,7736.142857142857,153.57142857142858,0.1395899733768925,0.05640796967792934,0.09595495437188531,0.039361975816825316,0.013941069800526985,0.003220489766671005,0.0,0.11492108764714495,0.06862432173635494
2020-06-24,Russia,606043,8503,7165,154,1,2020,6,24,2,0,2,0.014030357581887754,0.0968131333148734,0.13859132297803956,7642.0,147.85714285714286,0.1412600361097165,0.05744843288674491,0.0927448061614135,0.03961924363262156,0.014030357581887754,0.003208558122415823,0.0,0.11352258716223242,0.06607085860197894
2020-06-25,Russia,613148,8594,7105,91,1,2020,6,25,3,0,2,0.014016191849276194,0.09427988599392134,0.12339869281045757,7546.714285714285,134.85714285714286,0.14291611366962081,0.058063252055590465,0.09196815740081549,0.023411371237458192,0.014016191849276194,0.0031969342976217257,0.0,0.11210710943319348,0.06026172997127355
2020-06-26,Russia,619936,8770,6788,176,1,2020,6,26,4,0,2,0.014146621586744438,0.09087581736149719,0.11990805771932056,7377.714285714285,134.14285714285714,0.14449830289926618,0.05925235286566539,0.08786486311565594,0.04527913558013893,0.014146621586744438,0.0031813147025497733,0.0,0.10959659945800147,0.05994254707947654
2020-06-27,Russia,626779,8958,6843,188,1,2020,6,27,5,1,2,0.014292118912726814,0.08785202772831258,0.12087087087087078,7231.0,138.0,0.14609331187075464,0.0605225287309727,0.08857679114620413,0.04836634936969385,0.014292118912726814,0.00316744002058736,0.0,0.10741714574327436,0.06166613469518034
2020-06-28,Russia,633563,9060,6784,102,1,2020,6,28,6,1,2,0.01430007749821249,0.08509297303037111,0.11838044685841265,7097.714285714285,137.0,0.14767456875553872,0.06121166670044794,0.08781308653161608,0.026241317211216877,0.01430007749821249,0.003154780076909161,0.0,0.10543717464703248,0.06121927864666454
2020-06-29,Russia,640246,9152,6683,92,1,2020,6,29,0,0,2,0.014294505549429438,0.08247487171683865,0.11664226451927773,6968.714285714285,136.57142857142858,0.14923228393257468,0.061833242123896195,0.08650572778460941,0.023668639053254437,0.014294505549429438,0.0031427668989182102,0.0,0.10352086821626462,0.06102776891158635
2020-06-30,Russia,646929,9306,6683,154,1,2020,6,30,1,0,2,0.014384886131244697,0.08023503952390976,0.11462450592885376,6864.428571428572,136.71428571428572,0.15078999910961066,0.06287370533271176,0.08650572778460941,0.03961924363262156,0.014384886131244697,0.0031324894116932364,0.0,0.10197169468973026,0.06109160548994575
2020-07-01,Russia,653479,9521,6550,215,1,2020,7,1,2,0,3,0.014569710732862113,0.07827167379212363,0.11972245089968236,6776.571428571428,145.42857142857142,0.15231671382000803,0.06432630007229193,0.0847841563652838,0.05531258039619243,0.014569710732862113,0.003123480492949196,0.0,0.10066656904751294,0.06498563676986914
2020-07-02,Russia,660231,9668,6752,147,1,2020,7,2,3,0,3,0.014643359672599438,0.07678896449144412,0.12497090993716542,6726.142857142857,153.42857142857142,0.15389051194590161,0.0653194694988886,0.08739887385929714,0.03781836892204785,0.014643359672599438,0.0031166770699319756,0.0,0.09991744815043535,0.06856048515799554
2020-07-03,Russia,666941,9844,6710,176,1,2020,7,3,4,0,3,0.01475992629033153,0.07582234295153056,0.1224629418472063,6715.0,153.42857142857142,0.15545452045075145,0.06650857030896352,0.08685521972687851,0.04527913558013893,0.01475992629033153,0.0031122417195699223,0.0,0.09975192002020292,0.06856048515799554
2020-07-04,Russia,673564,10011,6623,167,1,2020,7,4,5,1,3,0.014862730193418888,0.07464353464299212,0.11754855994641655,6683.571428571428,150.42857142857142,0.15699825045486776,0.06763686482761416,0.08572907902401139,0.04296372523797273,0.014862730193418888,0.0031068327485898888,0.0,0.09928504580672681,0.06721991701244813
2020-07-05,Russia,680283,10145,6719,134,1,2020,7,5,6,1,3,0.014912911244290979,0.07374167999078218,0.11975717439293598,6674.285714285715,155.0,0.15856435673565553,0.06854220294437575,0.08697171704096822,0.034473887316696684,0.014912911244290979,0.003102694581589641,0.0,0.09914710569819978,0.06926268751994893
2020-07-06,Russia,686852,10280,6569,135,1,2020,7,6,0,0,3,0.014966834194266013,0.0727938948466682,0.12325174825174834,6658.0,161.14285714285714,0.1600955000841441,0.06945429731574004,0.08503009513947317,0.034731155132492926,0.014966834194266013,0.0030983456621744266,0.0,0.09890517996939852,0.07200766038940314
2020-07-07,Russia,693215,10478,6363,198,1,2020,7,7,1,0,3,0.01511507973716668,0.07154726407380108,0.12594025359982797,6612.285714285715,167.42857142857142,0.16157862767227518,0.07079203572707433,0.08236360106141997,0.05093902752765629,0.01511507973716668,0.0030926254872957687,0.0,0.09822609020434236,0.07481646983721672
2020-07-08,Russia,699749,10650,6534,172,1,2020,7,8,2,0,3,0.015219743079304151,0.07080564180333271,0.1185799810944228,6610.0,161.28571428571428,0.1631016130032273,0.07195411151873847,0.08457705002912433,0.04425006431695395,0.015219743079304151,0.0030892225478101423,0.0,0.09819213571608955,0.07207149696776254
2020-07-09,Russia,706240,10826,6491,176,1,2020,7,9,3,0,3,0.015329066606252831,0.0696862158850462,0.11977658254033918,6572.714285714285,165.42857142857142,0.16461457562692033,0.07314321232881339,0.08402045175069575,0.04527913558013893,0.015329066606252831,0.003084086053383991,0.0,0.09763825312646561,0.07392275774018513
2020-07-10,Russia,712863,11000,6623,174,1,2020,7,10,4,0,3,0.015430734937849208,0.06885466630481551,0.11743193823648923,6560.285714285715,165.14285714285714,0.16615830563103665,0.07431880062968294,0.08572907902401139,0.04476459994854644,0.015430734937849208,0.003080270481746645,0.0,0.09745362559659097,0.07379508458346633
2020-07-11,Russia,719449,11188,6586,188,1,2020,7,11,5,1,3,0.01555078956256802,0.06812270251973085,0.11757067226051343,6555.0,168.14285714285714,0.16769341144518582,0.07558897649499023,0.08525014562164261,0.04836634936969385,0.01555078956256802,0.0030769118602954042,0.0,0.09737510584250635,0.07513565272901374
2020-07-12,Russia,726036,11318,6587,130,1,2020,7,12,6,1,3,0.015588758684142385,0.06725583323411,0.11562345983242972,6536.142857142857,167.57142857142858,0.16922875034555032,0.07646728959334104,0.08526308976765258,0.033444816053511704,0.015588758684142385,0.003072934223918529,0.0,0.09709498131442068,0.07488030641557614
2020-07-13,Russia,732547,11422,6511,104,1,2020,7,13,0,0,3,0.015592173607973277,0.06652816036060161,0.11108949416342417,6527.857142857143,163.14285714285714,0.1707463746935499,0.07716994007202167,0.08427933467089509,0.026755852842809364,0.015592173607973277,0.0030695952913480213,0.0,0.09697189629450426,0.07290137248643473
2020-07-14,Russia,738787,11597,6240,175,1,2020,7,14,1,0,3,0.01569735255222412,0.06574006621322392,0.10679518992174075,6510.285714285715,159.85714285714286,0.17220083267719563,0.0783522846274939,0.08077147110219403,0.04502186776434268,0.01569735255222412,0.003065979115298172,0.0,0.0967108711660608,0.07143313118416854
2020-07-15,Russia,745197,11753,6410,156,1,2020,7,15,2,0,3,0.015771668431300716,0.06494900314255547,0.10356807511737087,6492.571428571428,157.57142857142858,0.1736949153174471,0.07940626034551486,0.08297197592388843,0.04013377926421405,0.015771668431300716,0.003062349316320994,0.0,0.09644772388210153,0.07041174593041814
2020-07-16,Russia,751612,11920,6415,167,1,2020,7,16,3,0,3,0.015859246526133165,0.06424444947893071,0.1010530205061888,6481.714285714285,156.28571428571428,0.17519016338877522,0.0805345548641655,0.08303669665393826,0.04296372523797273,0.015859246526133165,0.003059116466422653,0.0,0.09628644006290069,0.06983721672518353
2020-07-17,Russia,758001,12106,6389,186,1,2020,7,17,4,0,3,0.015970955183436435,0.06331931942042157,0.1005454545454545,6448.285714285715,158.0,0.1766793512185048,0.08179121822026741,0.08270014885767911,0.047851813738101365,0.015970955183436435,0.0030548715000417856,0.0,0.09578985567220337,0.07060325566549634
2020-07-18,Russia,764215,12228,6214,122,1,2020,7,18,5,1,3,0.016000732778079466,0.06222261758651415,0.09295673936360394,6395.142857142857,148.57142857142858,0.17812774896055203,0.08261548128179662,0.0804349233059349,0.03138667352714176,0.016000732778079466,0.0030498392752513876,0.0,0.09500041382032558,0.06639004149377595
2020-07-19,Russia,770311,12323,6096,95,1,2020,7,19,6,1,3,0.01599743480230712,0.060981824592719835,0.0887966071744124,6325.0,143.57142857142858,0.17954864252919056,0.08325732546905297,0.07890751407675879,0.02444044250064317,0.01599743480230712,0.0030441458870668547,0.0,0.09395843546206753,0.06415576125119694
2020-07-20,Russia,776212,12408,5901,85,1,2020,7,20,0,0,3,0.0159853235971616,0.05960709688252086,0.08632463666608303,6237.857142857143,140.85714285714286,0.18092408428584014,0.08383160711028234,0.07638340560481523,0.021867764342680732,0.0159853235971616,0.003037837938407133,0.0,0.09266392059742923,0.06294286626236835
2020-07-21,Russia,782040,12561,5828,153,1,2020,7,21,1,0,3,0.01606183826914224,0.058545967917681185,0.08312494610675181,6179.0,137.71428571428572,0.18228251074877083,0.08486531406449521,0.07543848294608763,0.039361975816825316,0.01606183826914224,0.003032968939999744,0.0,0.09178959252491942,0.06153846153846155
2020-07-22,Russia,787890,12726,5850,165,1,2020,7,22,2,0,3,0.016152000913833148,0.0572908908651002,0.08278737343656939,6099.0,139.0,0.1836460651084387,0.08598009607394046,0.0757232541583069,0.04244918960638024,0.016152000913833148,0.0030272100093017298,0.0,0.09060118543607112,0.062112990743696146
2020-07-23,Russia,793720,12873,5830,147,1,2020,7,23,3,0,3,0.01621856574106738,0.056023586637786504,0.07994966442953011,6015.428571428572,136.14285714285714,0.18500495774380002,0.08697326550053712,0.07546437123810756,0.03781836892204785,0.01621856574106738,0.003021394974118518,0.0,0.08935972445932783,0.060836259176508145
2020-07-24,Russia,799499,13026,5779,153,1,2020,7,24,4,0,3,0.016292703305445036,0.05474662962186061,0.07599537419461422,5928.285714285715,131.42857142857142,0.18635196298217963,0.08800697245474999,0.07480421979159925,0.039361975816825316,0.016292703305445036,0.003015535647040601,0.0,0.08806520959468953,0.05872965209064794
2020-07-25,Russia,805332,13172,5833,146,1,2020,7,25,5,1,3,0.01635598734434991,0.05380292195259195,0.07719986915276422,5873.857142857143,134.85714285714286,0.18771155487618693,0.08899338562674396,0.07550320367613747,0.03756110110625161,0.01635598734434991,0.0030112054371500396,0.0,0.08725666834316953,0.06026172997127355
2020-07-26,Russia,811073,13249,5741,77,1,2020,7,26,6,1,3,0.016335151089975873,0.052916289654438176,0.07514403960074656,5823.142857142857,132.28571428571428,0.18904970283838407,0.08951361723115174,0.0743123422432205,0.01980962181631078,0.016335151089975873,0.0030071371180383256,0.0,0.08650330313506034,0.05911267156080434
2020-07-27,Russia,816680,13334,5607,85,1,2020,7,27,0,0,3,0.016327080374197972,0.05213524140312176,0.07462927143778209,5781.142857142857,132.28571428571428,0.1903566172477273,0.09008789887238111,0.07257782667788493,0.021867764342680732,0.016327080374197972,0.0030035532721366847,0.0,0.08587938941341498,0.05911267156080434
